slot,method_id,method,done,total,completion,valid,sim_time,wall_s,travel,validate_summary
1,pibt,PIBT,100,100,1.0,True,2210,0.98,3508,VALID ok
1,m0,M0,100,100,1.0,True,546,16.36,2951,VALID ok
1,pp,PP,100,100,1.0,False,519,93.85,2766,"INVALID surface_fifo=4, surface_head=2"
1,ecbs,ECBS,100,100,1.0,True,2193,94.69,3459,VALID ok
1,hier,Hier,100,100,1.0,True,612,20.43,3097,VALID ok
2,pibt,PIBT,100,100,1.0,True,22283,13.03,20725,VALID ok
2,m0,M0,46,100,0.46,True,682,1802.14,2552,VALID ok
2,pp,PP,26,100,0.26,False,446,1802.52,1218,"INVALID surface_fifo=4, surface_head=5"
2,ecbs,ECBS,100,100,1.0,True,8173,313.86,9922,VALID ok
2,hier,Hier,100,100,1.0,True,7458,308.22,8823,VALID ok
3,pibt,PIBT,5,100,0.05,True,80117,31.27,526,VALID ok
3,m0,M0,2,100,0.02,True,1005,1800.14,127,VALID ok
3,pp,PP,2,100,0.02,True,999,1800.81,127,VALID ok
3,ecbs,ECBS,100,100,1.0,True,6795,822.02,9811,VALID ok
3,hier,Hier,100,100,1.0,True,7971,925.35,10438,VALID ok
4,pibt,PIBT,38,100,0.38,True,82972,36.03,2640,VALID ok
4,m0,M0,100,100,1.0,True,684,66.39,3652,VALID ok
4,pp,PP,76,100,0.76,False,1442,1800.85,2843,"INVALID surface_fifo=6, surface_head=7"
4,ecbs,ECBS,100,100,1.0,True,4219,487.83,5149,VALID ok
4,hier,Hier,100,100,1.0,True,670,62.63,3490,VALID ok
5,pibt,PIBT,100,100,1.0,True,13836,6.01,7545,VALID ok
5,m0,M0,14,100,0.14,True,948,1801.28,834,VALID ok
5,pp,PP,21,100,0.21,False,625,1800.65,1202,"INVALID surface_fifo=2, surface_head=1"
5,ecbs,ECBS,100,100,1.0,True,2971,175.03,4862,VALID ok
5,hier,Hier,100,100,1.0,True,2848,169.55,4689,VALID ok
6,pibt,PIBT,11,100,0.11,True,81670,37.03,655,VALID ok
6,m0,M0,65,100,0.65,True,2118,1800.94,2677,VALID ok
6,pp,PP,61,100,0.61,False,1267,1801.18,2359,"INVALID surface_fifo=4, surface_head=7"
6,ecbs,ECBS,100,100,1.0,True,6559,268.32,7494,VALID ok
6,hier,Hier,100,100,1.0,True,3671,1885.31,5114,VALID ok
7,pibt,PIBT,76,100,0.76,True,93487,35.12,31376,VALID ok
7,m0,M0,74,100,0.74,True,1602,1801.12,5362,VALID ok
7,pp,PP,25,100,0.25,False,809,1801.42,1351,"INVALID surface_fifo=2, surface_head=1"
7,ecbs,ECBS,100,100,1.0,True,5215,1034.76,6005,VALID ok
7,hier,Hier,100,100,1.0,True,4186,486.93,4802,VALID ok
8,pibt,PIBT,43,100,0.43,True,87573,51.18,32513,VALID ok
8,m0,M0,36,100,0.36,True,1031,1801.23,1829,VALID ok
8,pp,PP,19,100,0.19,False,1075,1800.96,908,"INVALID surface_fifo=6, surface_head=3"
8,ecbs,ECBS,100,100,1.0,True,4064,347.67,4896,VALID ok
8,hier,Hier,100,100,1.0,True,3582,1762.49,4523,VALID ok
9,pibt,PIBT,19,100,0.19,True,82448,64.91,2042,VALID ok
9,m0,M0,53,100,0.53,True,834,1802.02,2135,VALID ok
9,pp,PP,45,100,0.45,False,616,1800.26,1840,"INVALID surface_fifo=8, surface_head=7"
9,ecbs,ECBS,100,100,1.0,True,14600,978.49,14262,VALID ok
9,hier,Hier,100,100,1.0,True,4609,599.74,6181,VALID ok
10,pibt,PIBT,100,100,1.0,True,33533,12.77,7459,VALID ok
10,m0,M0,20,100,0.2,True,1131,1801.26,1161,VALID ok
10,pp,PP,20,100,0.2,True,1061,1800.27,1072,VALID ok
10,ecbs,ECBS,100,100,1.0,True,3090,271.99,4051,VALID ok
10,hier,Hier,100,100,1.0,True,3801,212.74,4726,VALID ok
11,pibt,PIBT,55,100,0.55,True,92659,73.8,22899,VALID ok
11,m0,M0,0,100,0.0,True,951,1800.59,20,VALID ok
11,pp,PP,15,100,0.15,True,620,1801.53,554,VALID ok
11,ecbs,ECBS,100,100,1.0,True,18021,1375.38,15828,VALID ok
11,hier,Hier,100,100,1.0,True,4775,317.91,4478,VALID ok
12,pibt,PIBT,100,100,1.0,True,29600,29.66,25342,VALID ok
12,m0,M0,47,100,0.47,True,689,1800.84,2754,VALID ok
12,pp,PP,25,100,0.25,False,462,1804.82,1156,"INVALID surface_fifo=2, surface_head=1"
12,ecbs,ECBS,100,100,1.0,True,16981,1346.09,16159,VALID ok
12,hier,Hier,100,100,1.0,True,5220,2981.82,6058,VALID ok
13,pibt,PIBT,100,100,1.0,True,15038,18.59,18208,VALID ok
13,m0,M0,35,100,0.35,True,536,1800.93,1593,VALID ok
13,pp,PP,25,100,0.25,False,709,1801.48,1329,"INVALID surface_fifo=2, surface_head=1"
13,ecbs,ECBS,100,100,1.0,True,2083,210.94,3228,VALID ok
13,hier,Hier,100,100,1.0,True,5463,1435.33,6358,VALID ok
14,pibt,PIBT,30,100,0.3,True,85555,40.98,2235,VALID ok
14,m0,M0,3,100,0.03,True,1003,1800.29,138,VALID ok
14,pp,PP,7,100,0.07,True,975,1801.33,314,VALID ok
14,ecbs,ECBS,100,100,1.0,True,5593,496.52,6353,VALID ok
14,hier,Hier,100,100,1.0,True,5419,413.28,6015,VALID ok
15,pibt,PIBT,1,100,0.01,True,80061,46.51,3695,VALID ok
15,m0,M0,9,100,0.09,True,918,1800.36,530,VALID ok
15,pp,PP,4,100,0.04,True,993,1801.05,277,VALID ok
15,ecbs,ECBS,100,100,1.0,True,6345,182.36,6186,VALID ok
15,hier,Hier,100,100,1.0,True,5447,199.2,5492,VALID ok
16,pibt,PIBT,100,100,1.0,True,18726,13.12,16939,VALID ok
16,m0,M0,100,100,1.0,True,614,301.91,4415,VALID ok
16,pp,PP,54,100,0.54,False,963,1801.8,2271,"INVALID surface_fifo=6, surface_head=8"
16,ecbs,ECBS,100,100,1.0,True,7786,384.89,8467,VALID ok
16,hier,Hier,100,100,1.0,True,1257,551.29,4295,VALID ok
17,pibt,PIBT,34,100,0.34,True,83309,32.88,1845,VALID ok
17,m0,M0,6,100,0.06,True,829,1800.73,325,VALID ok
17,pp,PP,13,100,0.13,True,1078,1800.51,741,VALID ok
17,ecbs,ECBS,100,100,1.0,True,7859,958.53,7322,VALID ok
17,hier,Hier,100,100,1.0,True,6836,797.58,6786,VALID ok
18,pibt,PIBT,100,100,1.0,True,82761,73.76,56258,VALID ok
18,m0,M0,5,100,0.05,True,512,1802.51,279,VALID ok
18,pp,PP,5,100,0.05,True,493,1803.47,303,VALID ok
18,ecbs,ECBS,100,100,1.0,True,16142,501.29,15749,VALID ok
18,hier,Hier,100,100,1.0,True,11948,422.22,12095,VALID ok
19,pibt,PIBT,91,100,0.91,True,106477,52.75,81550,VALID ok
19,m0,M0,78,100,0.78,True,1669,1801.42,3819,VALID ok
19,pp,PP,34,100,0.34,False,754,1802.3,1599,"INVALID surface_fifo=6, surface_head=6"
19,ecbs,ECBS,100,100,1.0,True,6334,312.02,6943,VALID ok
19,hier,Hier,100,100,1.0,True,6100,286.78,6968,VALID ok
20,pibt,PIBT,74,100,0.74,True,81914,138.91,73601,VALID ok
20,m0,M0,100,100,1.0,True,541,367.66,3522,VALID ok
20,pp,PP,71,100,0.71,False,1048,1800.41,2908,"INVALID surface_fifo=7, surface_head=7"
20,ecbs,ECBS,100,100,1.0,True,2258,290.99,3309,VALID ok
20,hier,Hier,100,100,1.0,True,446,235.45,3709,VALID ok
