task_id,start_point,end_point,priority,remaining_time
Dragon-1,Dragon,Dalian,Normal,None
Rabbit-1,Rabbit,Hangzhou,Normal,None
Tiger-1,Tiger,Kunming,Normal,None
Rabbit-2,Rabbit,Wuhan,Normal,None
Horse-1,Horse,Shenzhen,Normal,None
Rabbit-3,Rabbit,Wuhan,Normal,None
Horse-2,Horse,Chengdu,Normal,None
Rabbit-4,Rabbit,Changsha,Normal,None
Dragon-2,Dragon,Kunming,Normal,None
Rabbit-5,Rabbit,Shanghai,Normal,None
Dragon-3,Dragon,Xiamen,Normal,None
Rabbit-6,Rabbit,Guangzhou,Normal,None
Dragon-4,Dragon,Xiamen,Normal,None
Monkey-1,Monkey,Suzhou,Normal,None
Tiger-2,Tiger,Urumqi,Normal,None
Rabbit-7,Rabbit,Shanghai,Normal,None
Dragon-5,Dragon,Xiamen,Normal,None
Ox-1,Ox,Guangzhou,Normal,None
Tiger-3,Tiger,Tianjin,Normal,None
Monkey-2,Monkey,Shanghai,Normal,None
Horse-3,Horse,Shenzhen,Normal,None
Monkey-3,Monkey,Guangzhou,Normal,None
Tiger-4,Tiger,Shenzhen,Normal,None
Monkey-4,Monkey,Hangzhou,Normal,None
